{"status":"error","reason":"internal-error","error_code":"54","account_id":24342,"site_id":440788,"zone_id":2533304,"size_id":15,"alt_size_ids":[16,19,43,44,117],"tracking":"","inventory":{"sectioncat":"IAB9-30","pbadslot":"%2F21823819281%2Ffrvr-frvr-moomoo-display-banner-frvr_moomoo_300x250","pagecat":"IAB9-30","page":"https:\/\/moomoo.frvr.com\/","name":"frvr","domain":"frvr.com","cat":"IAB9-30"},"ads":[{"status":"error","reason":"internal-error","error_code":"54","impression_id":"26250859-163a-4693-8c6d-ce43aad0fb81"}]}